,Serial_Number
1,10040014
2,10040016
3,10040021
4,10120017
5,10170004
6,10220001
7,10220002
8,10220007
9,10230001
10,10230005
11,10260005
12,10260010
13,10260013
14,10300011
15,10350015
16,10350016
17,10360001
18,10360009
19,10360018
20,10380011
21,10480001
22,10610007
23,10650007
24,10670027
25,10670048
26,10670067
27,10670079
28,10670095
29,10670104
30,10680018
31,10690068
32,10690164
33,10690166
34,10700012
35,10720002
36,10730012
37,10770001
38,10860020
39,10900031
40,10900061
41,10900074
42,10900091
43,20020024
44,20020059
45,20030020
46,20040001
47,20070006
48,20120006
51,20120007
52,20120008
53,20120032
54,20140042
55,20140076
56,20140080
57,20150026
58,20160026
59,20190008
60,20190041
61,20190045
62,20200032
63,20240031
64,20240039
65,20250013
66,20250036
67,20260002
68,20270004
69,20280015
70,20290011
71,20290027
72,20310021
73,20310022
74,20320002
75,20320011
76,20320013
77,20320021
78,20320024
79,20320036
80,20320051
81,20320053
82,20330005
83,20330029
84,20340002
85,20340005
86,20340006
87,20350018
88,20360004
89,20360022
90,20370043
91,20380025
92,20380052
93,20390046
94,20390055
95,20390067
96,20390077
97,20410002
98,20410003
101,20430009
102,20440006
103,20440014
104,20450012
105,20450037
106,20460031
107,20470002
108,20480001
109,20480010
110,20490009
111,20490019
112,20520029
113,20550004
114,20550009
115,20550027
116,20560032
117,20560042
118,20560052
119,20610013
120,20670012
121,20670018
122,20670024
123,20670025
124,20700004
125,30020011
126,30030019
127,30040034
128,30040042
129,30050141
130,30070007
131,30070016
132,30100020
133,30110003
134,30110011
135,30130028
136,30150023
137,30170025
138,30170028
139,30180005
140,30200002
141,30230008
142,30230012
143,30240016
144,30250026
145,30300015
146,30320002
147,30330026
148,30350006
151,30390021
152,30390030
153,30390047
154,30400019
155,30410022
156,30430006
157,30460011
158,30460026
159,30480002
160,30490003
161,30500002
162,30500011
163,30530008
164,30530009
165,30540022
166,30550026
167,30570026
168,30660005
169,30700026
170,30710009
171,30770020
172,30770035
173,40010001
174,40020005
175,40060001
176,40081000
177,40140012
178,40160001
179,40200004
180,40200017
181,40200019
182,40200020
183,40210007
184,40240019
185,40240020
186,40240023
187,40310006
188,40310007
189,40310013
190,40310017
191,40330018
192,40340018
193,40400003
194,40400005
195,40400007
196,40400008
197,40400020
198,40450007
201,40450014
202,40450016
203,40450017
204,40460016
205,40470010
206,40480001
207,40490023
208,40490024
209,40530016
210,40530023
211,40540001
212,40620012
213,40650008
214,40650016
215,40660015
216,40660016
217,40660021
218,40680016
219,40680022
220,40680023
221,40700010
222,40700014
223,40700015
224,40700017
225,40710005
226,40750009
227,40750011
228,40750023
229,40750024
230,40780001
231,40860007
232,40870005
233,40890010
234,40900010
235,40920018
236,40930011
237,40960013
238,40960019
239,41000025
240,41010024
241,41020008
242,41020017
243,41020019
244,41020034
245,41040031
246,41050013
247,41080026
248,41090011
251,41090029
252,41110002
253,41110003
254,41120005
255,41140020
256,50020019
257,50050018
258,50050021
259,50090003
260,50090004
261,50110004
262,50120028
263,50130014
264,50140010
265,50160024
266,50170004
267,50270004
268,50280006
269,50280009
270,50280019
271,50300028
272,50310004
273,50320007
274,50330005
275,50340005
276,50370009
277,50370012
278,50400006
279,50440016
280,50470005
281,50490009
282,50490013
283,50510028
284,50530003
285,50550011
286,50560009
287,50570009
288,50610002
289,50630021
290,50640007
291,50640018
292,50670006
293,50690007
294,50690014
295,50710007
296,50710018
297,50750001
298,50750003
301,50770003
302,50830017
303,60120017
304,60120030
305,60120040
306,60130024
307,60140003
308,60140009
309,60150008
310,60180019
311,60220023
312,60230007
313,60240024
314,60310011
315,60340009
316,60350026
317,60350027
318,60370005
319,60380012
320,60410009
321,60420018
322,60440001
323,60460012
324,60490014
325,60510008
326,60520008
327,60520015
328,60560012
329,60560013
330,60570011
331,60570014
332,60580002
333,60580014
334,60590019
335,60590020
336,60600016
337,60600017
338,60610007
339,60630018
340,60640011
341,70010005
342,70010022
343,70010025
344,70010033
345,70070027
346,70070029
347,70080012
348,70100022
351,70140026
352,70150014
353,70150020
354,70180008
355,70210001
356,70230006
357,70230016
358,70260013
359,70280009
360,70300014
361,70340015
362,70400021
363,70420012
364,70430024
365,70440005
366,70490001
367,70490022
368,70500015
369,70500020
370,70500021
371,70520002
372,70520009
373,70520026
374,70520030
375,70550003
376,70550016
377,70560015
378,70570002
379,70630017
380,70680008
381,70680009
382,70680012
383,70690015
384,70690023
385,70710001
386,70730021
387,70760018
388,70760025
389,70770017
390,70780018
391,70780020
392,70820001
393,70840005
394,70850024
395,70900012
396,70970010
397,71010014
398,71080009
401,71090002
402,71100021
403,71110017
404,71130017
405,71150005
406,71190007
407,71210011
408,71250003
409,71250011
410,71260009
411,71300023
412,71380027
413,71380033
414,71400004
415,71400009
416,71460010
417,71490015
418,71490026
419,80010004
420,80040004
421,80050023
422,80050042
423,80080004
424,80100019
425,80140004
426,80150008
427,80150020
428,80190007
429,80200001
430,80200007
431,80200008
432,80210003
433,80210004
434,80210021
435,80220012
436,80230016
437,80280003
438,80300004
439,80320001
440,80360001
441,80360016
442,80380003
443,80390013
444,80410003
445,80450024
446,80460002
447,80460003
448,80520001
451,80570012
452,80570016
453,80570020
454,80640004
455,80690005
456,80700023
457,80720016
458,80800009
459,80850007
460,80850043
461,80850045
462,80860010
463,80870009
464,80870012
465,80870025
466,80910006
467,80920003
468,80940004
469,80990003
470,81000010
471,81060015
472,81090007
473,81180003
474,81180021
475,81260010
476,81310009
477,81320015
478,81320020
479,81330007
480,81340005
481,81380008
482,81380015
483,81490014
484,81510024
485,81520020
486,81540003
487,81540010
488,81600001
489,81640040
490,81650008
491,90020007
492,90020008
493,90060001
494,90120009
495,90130022
496,90150005
497,90170015
498,90170020
501,90250001
502,90330003
503,90330019
504,90340008
505,90350007
506,90420010
507,90530002
508,90540020
509,90590003
510,90620012
511,90620036
512,90640011
513,90650001
514,90680011
515,90680028
516,90700014
517,90710011
518,90730002
519,90730007
520,90730013
521,90760004
522,90790012
523,90800001
524,90810004
525,90820020
526,90860012
527,90890006
528,90890014
529,90910011
530,90910013
531,90910020
532,90910021
533,90920006
534,90940012
535,90960004
536,90970004
537,90990006
538,91000013
539,91020003
540,91030014
541,91050011
542,91100011
543,91120023
544,91160002
545,91190005
546,91200004
547,91270004
548,100030001
551,100030007
552,100030012
553,100030024
554,100040005
555,100040026
556,100050004
557,100050060
558,100070003
559,100070023
560,100070028
561,100090003
562,100090009
563,100140008
564,100170001
565,100230012
566,100240021
567,100240022
568,100280001
569,100290009
570,100410013
571,100420006
572,100420007
573,100440001
574,110020026
575,110020033
576,110020119
577,110020153
578,110020157
579,110020163
580,110020164
581,110040060
582,110050040
583,110050041
584,110050044
585,110060028
586,110070046
587,110080012
588,110120007
589,110130192
590,110150002
591,110160026
592,110170028
593,110170116
594,110170141
595,110200107
596,110200227
597,110210033
598,110230111
601,110230175
602,110260070
603,110260086
604,110260097
605,110280090
606,110300126
607,110300131
608,110300136
609,110310180
610,110320218
611,110320260
612,110320395
613,110320447
614,110330178
615,110330197
616,110330203
617,110330271
618,110350138
619,110350195
620,110350283
621,110360086
622,110360179
623,110360181
624,110370291
625,110380087
626,110380088
627,110450219
628,110450223
629,110450256
630,110460010
631,110460105
632,110460165
633,110460265
634,110490008
635,110520015
636,110520040
637,110530011
638,110530012
639,110540096
640,110540097
641,110540149
642,110540228
643,110540251
644,110540253
645,110540254
646,110540255
647,110540332
648,110540333
651,110540445
652,110550225
653,110550318
654,110550395
655,111001800
656,120080042
657,120080237
658,120100023
659,120100078
660,120100128
661,120150079
662,120150094
663,120160067
664,120160176
665,120180067
666,120180068
667,120190039
668,120200064
669,120200072
670,120220093
671,120230008
672,120230043
673,120230094
674,120230102
675,120230103
676,120230124
677,120230129
678,120230162
679,120300101
680,120310090
681,120320031
682,120320039
683,120320081
684,120340093
685,120340094
686,120340095
687,120360146
688,120370021
689,120370050
690,120370055
691,120370089
692,120370097
693,120370100
694,120380022
695,120380064
696,120380065
697,120380082
698,120400011
701,120400040
702,120400051
703,120400073
704,120400104
705,120410010
706,120420019
707,120420022
708,120460045
709,120460076
710,120470107
711,120480043
712,120480051
713,120480069
714,120480081
715,120480272
716,120480311
717,120480330
718,120520052
719,120530154
720,120530164
721,120530184
722,120540143
723,120540155
724,120550105
725,120580055
726,120580056
727,120580070
728,120580100
729,120580102
730,120590153
731,120590154
732,120590155
733,120600073
734,120600082
735,120610198
736,120670028
737,120670085
738,120670139
739,120680047
740,120680093
741,120680094
742,120690023
743,120690046
744,120690099
745,120690104
746,120700008
747,120700055
748,120700056
751,120700073
752,120700075
753,120700122
754,120720046
755,120730065
756,120730084
757,120730085
758,120750041
759,120750052
760,120770003
761,120770093
762,130010058
763,130010082
764,130010090
765,130020141
766,130030119
767,130030120
768,130080008
769,130110066
770,130140043
771,130140049
772,130170061
773,130180051
774,130180063
775,130180076
776,130180077
777,130180080
778,130190021
779,130200063
780,130200069
781,130220002
782,130220014
783,130250126
784,130260051
785,130260083
786,130260084
787,130260085
788,130260103
789,130290114
790,130290125
791,130330018
792,130340079
793,130350001
794,130380045
795,130410029
796,130410052
797,130410053
798,130410073
801,130410076
802,130410077
803,130410079
804,130410081
805,130420052
806,130420093
807,130440128
808,130440144
809,130460004
810,130460005
811,130460026
812,130460037
813,130470011
814,130490070
815,130500031
816,130500032
817,130500170
818,130500227
819,130510045
820,130510070
821,130510071
822,130520043
823,130540018
824,130540020
825,130540021
826,130560028
827,130560055
828,130560082
829,130560093
830,130570109
831,130570116
832,130570122
833,130570127
834,130580027
835,130580119
836,130580257
837,130580316
838,130580335
839,130580337
840,130580338
841,130580339
842,130580340
843,130590086
844,130590098
845,130590099
846,130600027
847,130600028
848,130630095
851,130680011
852,130680012
853,130680013
854,130680014
855,130690006
856,130690013
857,130690014
858,130690015
859,130750020
860,130750026
861,130760036
862,130780053
863,130780060
864,140010063
865,140020117
866,140020125
867,140030058
868,140030099
869,140030100
870,140030314
871,140030316
872,140040216
873,140040222
874,140040324
875,140040326
876,140050031
877,140050155
878,140060197
879,140060327
880,140070062
881,140070084
882,140130064
883,140130198
884,140140092
885,140150066
886,140170256
887,140180004
888,140180058
889,140180091
890,140180144
891,140180169
892,140190045
893,140200145
894,140200152
895,140200169
896,140210110
897,140220179
898,140220267
901,140220287
902,140220290
903,140220300
904,140220304
905,140220312
906,140240185
907,140250133
908,140250135
909,140250168
910,140250182
911,140250183
912,140260109
913,140270012
914,140270060
915,140280033
916,140300006
917,140310045
918,140320003
919,140320039
920,140320055
921,140370009
922,140370140
923,140370142
924,140370195
925,140370208
926,140370210
927,140380032
928,140380051
929,140380094
930,140430174
931,140440058
932,140450003
933,140460091
934,140460098
935,140460257
936,140460291
937,140460292
938,140480242
939,140480289
940,140490054
941,140490199
942,140490206
943,140490256
944,140490259
945,140490270
946,140490340
947,140490342
948,140500034
951,140500050
952,140500051
953,140510050
954,140530033
955,140530118
956,140530119
957,140550010
958,140550013
959,140550034
960,140550048
961,140550167
962,140560101
963,140590036
964,140590057
965,140590058
966,140610098
967,140610102
968,140610103
969,140610112
970,140650183
971,140650184
972,140650188
973,140650190
974,140660006
975,140660036
976,140660037
977,140660165
978,140660195
979,140660200
980,140670050
981,140670057
982,140670140
983,140670144
984,140680024
985,140690012
986,140690186
987,140690187
988,140690264
989,140690295
990,140690298
991,140700040
992,140700103
993,140700155
994,140700196
995,140700200
996,140700261
997,140700274
998,140700310
1001,140700313
1002,140700332
1003,140710207
1004,140710314
1005,140720076
1006,140720141
1007,140720160
1008,140720214
1009,140720222
1010,140730156
1011,140740040
1012,140740092
1013,140740121
1014,140740175
1015,140740213
1016,150050009
1017,150050015
1018,150060001
1019,150090043
1020,150130002
1021,150210026
1022,160010021
1023,160010022
1024,160010023
1025,160010024
1026,160010025
1027,160010026
1028,160010027
1029,160020024
1030,160030034
1031,160030035
1032,160030036
1033,160030037
1034,160030038
1035,160040003
1036,160310010
1037,160330025
1038,160330028
1039,160330033
1040,160330034
1041,160400052
1042,160410003
1043,160430001
1044,160440001
1045,160440003
1046,160440004
1047,160440005
1048,160450005
1051,170060063
1052,170100181
1053,170110079
1054,170110214
1055,170110219
1056,170120056
1057,170120167
1058,170130137
1059,170130155
1060,170160021
1061,170227000
1062,170290006
1063,170290022
1064,170290023
1065,170290039
1066,170290040
1067,170310153
1068,170310157
1069,170310164
1070,170310176
1071,170320034
1072,170320077
1073,170320112
1074,170320128
1075,170320129
1076,170330246
1077,170340046
1078,170340218
1079,170350013
1080,170350027
1081,170350100
1082,170350110
1083,170350112
1084,170360024
1085,170360060
1086,170380035
1087,170400013
1088,170400060
1089,170430001
1090,170430006
1091,170430008
1092,170440027
1093,170440029
1094,170440032
1095,170440054
1096,170440099
1097,170470041
1098,170530035
1101,170540018
1102,170540043
1103,170540104
1104,170550006
1105,170580063
1106,170600092
1107,170600098
1108,170600139
1109,170630057
1110,170640007
1111,170640049
1112,170640050
1113,170640051
1114,170650019
1115,170670051
1116,170710029
1117,170710043
1118,170720017
1119,170720037
1120,180030056
1121,180030062
1122,180050046
1123,180060021
1124,180070041
1125,180070074
1126,180070149
1127,180080108
1128,180090062
1129,180100078
1130,180100087
1131,180100116
1132,180100125
1133,180100135
1134,180100183
1135,180110079
1136,180120009
1137,180120022
1138,180120023
1139,180150051
1140,180150114
1141,180160021
1142,180160023
1143,180170018
1144,180220007
1145,180250131
1146,180250151
1147,180250168
1148,180250209
1151,180260203
1152,180270195
1153,180270199
1154,180270200
1155,180270201
1156,180270215
1157,180270223
1158,180280143
1159,180290014
1160,180290034
1161,180300042
1162,180330009
1163,180340001
1164,180340057
1165,180360041
1166,180370008
1167,180370026
1168,180370038
1169,180390009
1170,180390051
1171,180410001
1172,180430023
1173,180430062
1174,180440077
1175,180450096
1176,180460044
1177,180460047
1178,180460048
1179,180460066
1180,180470083
1181,180490085
1182,180500002
1183,180500082
1184,180540043
1185,180550062
1186,180550093
1187,180570081
1188,180570140
1189,180590014
1190,180600037
1191,180610082
1192,180620029
1193,180630068
1194,180640036
1195,180650049
1196,180650059
1197,180650060
1198,180650077
1201,180650134
1202,180650135
1203,180650142
1204,180650146
1205,180650147
1206,180650150
1207,180650157
1208,180660121
1209,180660200
1210,190010114
1211,190010162
1212,190010178
1213,190020016
1214,190020114
1215,190030075
1216,190040012
1217,190040053
1218,190050067
1219,190070027
1220,190080022
1221,190080124
1222,190080127
1223,190090004
1224,190090012
1225,190120010
1226,190130058
1227,190150044
1228,190150053
1229,190210001
1230,190220028
1231,190220038
1232,190220100
1233,190220118
1234,190230160
1235,190230195
1236,190230203
1237,190240007
1238,190240013
1239,190240036
1240,190250030
1241,190250072
1242,190250085
1243,190250086
1244,190250171
1245,190250235
1246,190250236
1247,190250339
1248,190250370
1251,190250381
1252,190250389
1253,190250400
1254,190270164
1255,190270169
1256,190290038
1257,190290065
1258,190300021
1259,190310178
1260,190310179
1261,190310185
1262,190310223
1263,190310230
1264,190340144
1265,190350134
1266,190360007
1267,190360008
1268,190360030
1269,190360034
1270,190360065
1271,190360079
1272,190360086
1273,190360090
1274,190360091
1275,190360092
1276,190430041
1277,190450114
1278,190460004
1279,190460031
1280,190460111
1281,190470097
1282,190470101
1283,190470131
1284,190470145
1285,190480030
1286,190480033
1287,190480039
1288,190480132
1289,190490108
1290,190490109
1291,190500018
1292,190510057
1293,190510073
1294,190530082
1295,190540102
1296,190550026
1297,190560019
1298,190560061
1301,190580065
1302,190580068
1303,190580069
1304,190600012
1305,190600055
1306,190600103
1307,190600139
1308,190600144
1309,190620024
1310,190620037
1311,190620061
1312,190620063
1313,190630021
1314,190630022
1315,190640019
1316,190640030
1317,190640042
1318,190640053
1319,190640056
1320,190640079
1321,190650002
1322,190650006
1323,190710062
1324,200140057
1325,200140071
1326,200140090
1327,200140094
1328,200150010
1329,200250069
1330,200250071
1331,200250082
1332,200250083
1333,200270067
1334,200270081
1335,200270201
1336,200270206
1337,200280008
1338,200280021
1339,200280024
1340,200280041
1341,200290001
1342,200290021
1343,200290031
1344,200290044
1345,200290045
1346,200290048
1347,200290050
1348,200290057
1351,200290070
1352,200290071
1353,200300189
1354,200310029
1355,200310103
1356,200310158
1357,200310218
1358,200310230
1359,200310232
1360,200320059
1361,200460003
1362,200470031
1363,200470048
1364,200480001
1365,200480016
1366,200480031
1367,200500008
1368,200530010
1369,200530011
1370,200540085
1371,200550042
1372,200620018
1373,200670009
1374,200750004
1375,200750058
1376,200750071
1377,200760033
1378,200770022
1379,200780078
1380,200780088
1381,200780098
1382,200780102
1383,200800005
1384,200810046
1385,200880001
1386,210020035
1387,210020041
1388,210020043
1389,210030005
1390,210030018
1391,210030036
1392,210030078
1393,210040002
1394,210050149
1395,210050169
1396,210050190
1397,210060015
1398,210060024
1401,210060034
1402,210060049
1403,210060067
1404,210090051
1405,210090053
1406,210090062
1407,210090063
1408,210090075
1409,210090077
1410,210090149
1411,210090166
1412,210090167
1413,210090168
1414,210090185
1415,210090186
1416,210090187
1417,210090188
1418,210090189
1419,210090190
1420,210090191
1421,210090192
1422,210090193
1423,210090194
1424,210100002
1425,210100003
1426,210100038
1427,210100042
1428,210120039
1429,210130093
1430,210170016
1431,210170021
1432,210170032
1433,210170058
1434,210170059
1435,210180009
1436,210190086
1437,210190090
1438,210200033
1439,210200035
1440,210200039
1441,210210016
1442,210220014
1443,210220060
1444,210240097
1445,210240145
1446,210250044
1447,210260021
1448,210270006
1451,210290008
1452,210290040
1453,210290041
1454,210310003
1455,210310004
1456,210310009
1457,210310010
1458,210310011
1459,210310012
1460,210321000
1461,210326409
1462,210326415
1463,210326417
1464,210326428
1465,210326434
1466,210326453
1467,210340012
1468,210370013
1469,210370014
1470,210370015
1471,210400065
1472,210400100
1473,210400102
1474,210410007
1475,210420020
1476,210430183
1477,210430184
1478,210460028
1479,210460154
1480,210470063
1481,210550031
1482,210560114
1483,210810006
1484,220050143
1485,220050155
1486,220060097
1487,220120021
1488,220130020
1489,220150045
1490,220150049
1491,220150076
1492,220150080
1493,220150082
1494,220170022
1495,220180015
1496,220190020
1497,220240025
1498,220240044
1501,220250007
1502,220280045
1503,220290025
1504,220290028
1505,220290029
1506,220290079
1507,220300008
1508,220310013
1509,220310021
1510,220310051
1511,220330019
1512,220330082
1513,220330091
1514,220330093
1515,220340055
1516,220340060
1517,220340078
1518,220350111
1519,220350124
1520,220360060
1521,220360064
1522,220360066
1523,220360079
1524,220370011
1525,220370106
1526,220380046
1527,220380054
1528,220380065
1529,220460054
1530,220460057
1531,220460058
1532,220460059
1533,220460063
1534,220460067
1535,220470010
1536,220470094
1537,220470139
1538,220470204
1539,220490014
1540,220510072
1541,220530052
1542,220530055
1543,220530064
1544,220530067
1545,230010051
1546,230010057
1547,230010070
1548,230010092
1551,230010170
1552,230100062
1553,230110003
1554,230110032
1555,230110040
1556,230120082
1557,230130025
1558,230150042
1559,230150043
1560,230150044
1561,230160002
1562,230160031
1563,230160033
1564,230200004
1565,230240014
1566,230240031
1567,230250060
1568,230250069
1569,230270028
1570,230270046
1571,230270055
1572,230280022
1573,230280042
1574,230280052
1575,230340132
1576,230340263
1577,230350005
1578,230350021
1579,230360040
1580,230360058
1581,230360091
1582,230360092
1583,230380007
1584,230380051
1585,230380091
1586,230390004
1587,230410036
1588,230410064
1589,230410074
1590,230410147
1591,230420099
1592,230420102
1593,230420107
1594,230420108
1595,230430029
1596,230430036
1597,230430075
1598,230440039
1601,230440042
1602,230440043
1603,230450027
1604,230450029
1605,230450036
1606,230450037
1607,230470052
1608,230470068
1609,230480005
1610,230480081
1611,230480084
1612,230480097
1613,230480120
1614,230490025
1615,230490027
1616,230500012
1617,230500037
1618,230500083
1619,230510005
1620,230530005
1621,230530009
1622,230540137
1623,240030017
1624,240030063
1625,240040014
1626,240110014
1627,240210005
1628,240230021
1629,240260004
1630,240310001
1631,240330020
1632,240350055
1633,240370060
1634,240380015
1635,240410029
1636,240430009
1637,240430018
1638,240440010
1639,240460028
1640,240460061
1641,240461100
1642,240462100
1643,240462400
1644,240462500
1645,240463500
1646,240465100
1647,240468900
1648,240469000
1651,240469500
1652,240469600
1653,240469609
1654,240469611
1655,240469622
1656,240469623
1657,240469624
1658,240469625
1659,240469626
1660,240469627
1661,240469628
1662,240470016
1663,240470017
1664,240490014
1665,240490083
1666,240500005
1667,240500017
1668,240500018
1669,240500019
1670,240510001
1671,240510018
1672,240510025
1673,240510029
1674,240510041
1675,240520001
1676,240520027
1677,240560035
1678,240570048
1679,240590073
1680,240590078
1681,240590093
1682,240620039
1683,250040037
1684,250090027
1685,250100002
1686,250100058
1687,250110068
1688,250140018
1689,250150011
1690,250150036
1691,250160007
1692,250160035
1693,250160040
1694,250190044
1695,250190049
1696,250210010
1697,250210011
1698,250210032
1701,250210060
1702,250210079
1703,250220003
1704,250220005
1705,250220006
1706,250220011
1707,250220036
1708,250220092
1709,250230010
1710,250250072
1711,250250073
1712,250250087
1713,250250093
1714,250270054
1715,250270073
1716,250270098
1717,250300015
1718,250310114
1719,250310216
1720,250320016
1721,250330032
1722,250350029
1723,250360042
1724,250380009
1725,250380029
1726,250430072
1727,250430089
1728,250450107
1729,250550006
1730,250580002
1731,250610002
1732,250610011
1733,250610012
1734,250620006
1735,250680038
1736,250680115
1737,250680116
1738,250680117
1739,250680121
1740,250680133
1741,250690066
1742,260030027
1743,260060016
1744,260060092
1745,260060106
1746,260070210
1747,260090067
1748,260100056
1751,260120011
1752,260190015
1753,260220068
1754,260220069
1755,260230050
1756,260230062
1757,260260008
1758,260270021
1759,260270057
1760,260290020
1761,260290055
1762,260300018
1763,260300037
1764,260300038
1765,260300052
1766,260300062
1767,260300105
1768,260300109
1769,260300112
1770,260300114
1771,260320070
1772,260320103
1773,260330057
1774,260330112
1775,260330156
1776,260340153
1777,260350023
1778,260360011
1779,260360016
1780,260360025
1781,260370015
1782,260370016
1783,260370017
1784,260370021
1785,260380005
1786,260390008
1787,260390013
1788,260390047
1789,260390074
1790,260390080
1791,260390082
1792,260420029
1793,260420030
1794,260420045
1795,260440026
1796,260440027
1797,260440033
1798,260450044
1801,260450099
1802,260470024
1803,260470075
1804,260480085
1805,260490046
1806,260510103
1807,260510113
1808,260510121
1809,260540020
1810,260550066
1811,260560046
1812,260570021
1813,260570096
1814,260570097
1815,260570142
1816,260580056
1817,260600019
1818,260600053
1819,260600054
1820,260600068
1821,260600074
1822,260600085
1823,260610015
1824,260610164
1825,260630063
1826,260630198
1827,260640330
1828,260650210
1829,260650219
1830,260660002
1831,260660067
1832,260660090
1833,260660130
1834,260670002
1835,260680008
1836,260680020
1837,260680124
1838,260690052
1839,260730056
1840,260730061
1841,260730073
1842,260730095
1843,260730096
1844,270010025
1845,270010071
1846,270010094
1847,270010123
1848,270020052
1851,270050082
1852,270050083
1853,270050084
1854,270050086
1855,270070011
1856,270070025
1857,270070094
1858,270070175
1859,270070176
1860,270070177
1861,270080043
1862,270080048
1863,270090022
1864,270090131
1865,270090166
1866,270100015
1867,270100016
1868,270110016
1869,270110020
1870,270110023
1871,270110052
1872,270140026
1873,270150011
1874,270150080
1875,270170139
1876,270220009
1877,270220042
1878,270220051
1879,270230004
1880,270270028
1881,270300015
1882,270300091
1883,270300096
1884,270300097
1885,270310067
1886,270320017
1887,270320054
1888,270320102
1889,270320125
1890,270320151
1891,270320164
1892,270330220
1893,270330227
1894,270330229
1895,270340016
1896,270340025
1897,270340049
1898,270340051
1901,270340082
1902,270360005
1903,270360006
1904,270360009
1905,270360010
1906,270360017
1907,270360020
1908,270360021
1909,270360022
1910,270360023
1911,270360024
1912,270360025
1913,270360026
1914,270360027
1915,270360028
1916,270360029
1917,270360031
1918,270370003
1919,270370042
1920,270370095
1921,270370096
1922,270370104
1923,270390037
1924,270390045
1925,270390069
1926,270390295
1927,270390435
1928,270400011
1929,270400041
1930,270410017
1931,270430002
1932,270430059
1933,270450016
1934,270450026
1935,270460008
1936,270480051
1937,270480054
1938,270480057
1939,270550007
1940,270550015
1941,270550103
1942,270560006
1943,270560045
1944,270560047
1945,270560049
1946,270560050
1947,270560051
1948,270570001
1951,270570002
1952,270570003
1953,270570010
1954,270570011
1955,280050014
1956,280070012
1957,280070025
1958,280080037
1959,280150017
1960,280220011
1961,280220022
1962,280220023
1963,280220085
1964,280220107
1965,280390002
1966,290010012
1967,290010034
1968,290010104
1969,290030017
1970,290050051
1971,290050053
1972,290060013
1973,290080022
1974,290110005
1975,290130044
1976,290160035
1977,290210038
1978,290210057
1979,290210058
1980,290220037
1981,290220052
1982,290220056
1983,290240027
1984,290240028
1985,290250004
1986,290250052
1987,290300024
1988,290340067
1989,290350105
1990,290350106
1991,290350129
1992,290360080
1993,290400130
1994,290400135
1995,290410068
1996,290410103
1997,290410133
1998,290420044
2001,290420046
2002,290420050
2003,290420053
2004,290420060
2005,290440063
2006,290500106
2007,290510016
2008,290510147
2009,290510153
2010,290510166
2011,290510185
2012,290510186
2013,290610016
2014,290620068
2015,290630014
2016,300010063
2017,300010075
2018,300040154
2019,300040160
2020,300090041
2021,300090052
2022,300110056
2023,300110066
2024,300120014
2025,300140038
2026,300150028
2027,300150030
2028,300150032
2029,300150047
2030,300160042
2031,300160060
2032,300160061
2033,300160063
2034,300200041
2035,300210029
2036,300220023
2037,300220041
2038,300230001
2039,300230057
2040,300250229
2041,300260018
2042,300260084
2043,300260100
2044,300300066
2045,300330016
2046,300350031
2047,300350046
2048,300350143
2051,300360018
2052,300360020
2053,300360098
2054,300360105
2055,300360106
2056,300370208
2057,300380062
2058,300380073
2059,300380218
2060,300390192
2061,300390199
2062,300390260
2063,300400128
2064,300400138
2065,300410041
2066,300410043
2067,300410056
2068,300410060
2069,300420086
2070,300460083
2071,300460092
2072,300460093
2073,300460094
2074,300460102
2075,300460103
2076,300460106
2077,300460118
2078,300460119
2079,300470037
2080,300480016
2081,300510008
2082,300510032
2083,300540300
2084,300540339
2085,300540340
2086,300550002
2087,300610015
2088,300610018
2089,300620047
2090,300650005
2091,300650011
2092,300650016
2093,300650054
2094,300650075
2095,300660025
2096,300670024
2097,300690014
2098,300690122
2101,300710072
2102,300710080
2103,300720028
2104,300730087
2105,300730129
2106,300730182
2107,300730251
2108,300730260
2109,300740251
2110,300740265
2111,300740269
2112,300750116
2113,300770219
2114,300770224
2115,300780107
2116,300780173
2117,300780222
2118,300780229
2119,300780269
2120,300780284
2121,300780292
2122,300780312
2123,300790024
2124,300790039
2125,300790066
2126,300800020
2127,300810039
2128,300840093
2129,300850021
2130,300850026
2131,300850029
2132,300870021
2133,300880005
2134,300890063
2135,300890066
2136,300890071
2137,300910040
2138,300910043
2139,300910046
2140,300930014
2141,300930017
2142,300930018
2143,300930021
2144,300930025
2145,300970011
2146,310030001
2147,310040001
2148,310060019
2151,310070001
2152,310120005
2153,310130001
2154,310130007
2155,310130008
2156,310140001
2157,310140013
2158,310140014
2159,310140015
2160,310180002
2161,310190001
2162,310200001
2163,310210001
2164,310220007
2165,310220008
2166,310220010
2167,310220011
2168,310230002
2169,310230003
2170,310230004
2171,310240002
2172,310250008
2173,310290001
2174,310340003
2175,320030040
2176,320040134
2177,320070020
2178,320110081
2179,320150028
2180,320160051
2181,320160057
2182,320160064
2183,320160078
2184,320170039
2185,320170102
2186,320170139
2187,320170145
2188,320170148
2189,320170149
2190,320170152
2191,320170155
2192,320180208
2193,320180289
2194,320180357
2195,320210008
2196,320210022
2197,320210043
2198,320210055
2201,320210063
2202,320240014
2203,320400067
2204,320400068
2205,320400073
2206,320490013
2207,320490030
2208,320490037
2209,320490038
2210,320490043
2211,320540007
2212,320570001
2213,320610006
2214,320610009
2215,320660006
2216,320670004
2217,320780029
2218,320850003
2219,320850018
2220,320860012
2221,320860013
2222,320990015
2223,321060002
2224,321060004
2225,321110001
2226,330020031
2227,330020052
2228,330080025
2229,330080028
2230,330090083
2231,330100005
2232,330100013
2233,330280002
2234,330290024
2235,330410016
2236,330520037
2237,330570004
2238,330570007
2239,330570013
2240,330570015
2241,330610002
2242,330970013
2243,340020004
2244,340080036
2245,340120005
2246,340180018
2247,340200010
2248,340200011
2251,340320006
2252,340330006
2253,340410004
2254,340420041
2255,340490007
2256,340640009
2257,340670017
2258,340670053
2259,340670064
2260,340850035
2261,340870004
2262,341080003
2263,341360003
2264,341470007
2265,341520004
2266,341950007
2267,342080211
2268,342080214
2269,342080215
2270,342100001
2271,342100002
2272,342180002
2273,342220103
2274,342220201
2275,342220203
2276,342230008
2277,342330021
2278,342340005
2279,342340013
2280,342390005
2281,342950006
2282,342950007
2283,343000011
2284,343010037
2285,343160008
2286,343170013
2287,343190007
2288,343200063
2289,343240001
2290,343380005
2291,343420001
2292,343470029
2293,343500002
2294,343810112
2295,343920142
2296,344090116
2297,344140038
2298,344240001
2301,344370204
2302,344370214
2303,344370215
2304,344380017
2305,344490003
2306,344560002
2307,344620002
2308,344620003
2309,344660001
2310,344840009
2311,345040007
2312,345080001
2313,345080002
2314,345080003
2315,345300002
2316,345440118
2317,345440127
2318,345510001
2319,345510003
2320,345520002
2321,345570005
2322,345800002
2323,345800003
2324,345850003
2325,345910001
2326,345930066
2327,345940089
2328,346010111
2329,346060128
2330,346070002
2331,346070003
2332,346070005
2333,346070009
2334,346070012
2335,346090314
2336,346090323
2337,346100133
2338,346100134
2339,350010013
2340,350100005
2341,350140005
2342,350160010
2343,350160019
2344,350160055
2345,350170016
2346,350180001
2347,350200012
2348,350290007
2351,350310010
2352,350350009
2353,350350012
2354,350410024
2355,350410027
2356,350430004
2357,350430052
2358,350430085
2359,350440004
2360,350460015
2361,350560030
2362,350560062
2363,350600005
2364,350630006
2365,350690005
2366,350690019
2367,350730014
2368,350840019
2369,350950022
2370,351010005
2371,351040007
2372,351070016
2373,351110006
2374,351110007
2375,351140007
2376,351140008
2377,351240007
2378,351350002
2379,351380013
2380,351520037
2381,351660006
2382,351660009
2383,351660015
2384,351740001
2385,351740002
2386,351820004
2387,351910001
2388,351950019
2389,351960017
2390,352000007
2391,352070007
2392,352080014
2393,352080020
2394,352110008
2395,352190036
2396,352190037
2397,352290001
2398,352290003
2401,352440008
2402,352440009
2403,352440013
2404,352440023
2405,352440024
2406,352690012
2407,352870003
2408,352880005
2409,352880006
2410,352890050
2411,353000011
2412,353020005
2413,353020009
2414,353120369
2415,353120370
2416,353160005
2417,353260002
2418,353330325
2419,353330328
2420,353340139
2421,353450052
2422,353520002
2423,353910007
2424,354070001
2425,354230014
2426,354270002
2427,354320001
2428,354320003
2429,354430002
2430,354450002
2431,354550016
2432,354550025
2433,354550031
2434,354550033
2435,354550035
2436,354550037
2437,354550040
2438,354550044
2439,354550049
2440,354550063
2441,354550065
2442,354600002
2443,354610303
2444,354620001
2445,354620008
2446,354630114
2447,354690448
2448,354720104
2451,354850013
2452,354850047
2453,354850078
2454,354900040
2455,354900041
2456,354960201
2457,354960206
2458,354960215
2459,354960216
2460,354960218
2461,354980306
2462,354980307
2463,354980317
2464,354990309
2465,354990313
2466,354990314
2467,355000314
2468,355030524
2469,355060001
2470,355060002
2471,355070002
2472,355090008
2473,355090039
2474,355190053
2475,355230612
2476,355310033
2477,355440043
2478,355440045
2479,355480007
2480,355480017
2481,355540305
2482,355540311
2483,355540312
2484,355540314
2485,355550310
2486,355550311
2487,355550313
2488,355560102
2489,355560306
2490,355560310
2491,355560312
2492,355560316
2493,355870005
2494,355940001
2495,356310014
2496,356340003
2497,356410097
2498,356550020
2501,356570003
2502,356640006
2503,356660001
2504,356670005
2505,356920059
2506,356930044
2507,357020002
2508,357030002
2509,357110002
2510,357160057
2511,357160060
2512,357160067
2513,357170001
2514,357170002
2515,357170003
2516,357170004
2517,357170005
2518,357170006
2519,357170007
2520,357170008
2521,357180009
2522,357180011
2523,357180012
2524,357180013
2525,357180015
2526,357190017
2527,357190018
2528,357190019
2529,360120025
2530,360160001
2531,360160008
2532,360160019
2533,360190026
2534,360190034
2535,360340003
2536,360350002
2537,360380005
2538,360380017
2539,360510004
2540,360520006
2541,360520032
2542,360520060
2543,360540016
2544,360730010
2545,360740004
2546,360760010
2547,360830039
2548,360840006
2551,360840017
2552,360890003
2553,360930010
2554,360930015
2555,361010003
2556,361050060
2557,361050064
2558,361060025
2559,361120018
2560,361140029
2561,361220012
2562,361340001
2563,361350017
2564,361400004
2565,361400011
2566,361430010
2567,361430015
2568,361430021
2569,361430036
2570,361430044
2571,361430055
2572,361430070
2573,361430073
2574,361430079
2575,361450005
2576,361450015
2577,361450020
2578,361500027
2579,361530018
2580,361690028
2581,361760005
2582,361770024
2583,361770049
2584,361790002
2585,361870020
2586,362010005
2587,362010017
2588,362020006
2589,362030013
2590,362080035
2591,362180010
2592,362450009
2593,362760002
2594,362790004
2595,362870007
2596,362980017
2597,362980018
2598,362990026
2601,362990028
2602,363070002
2603,363130009
2604,363230011
2605,363430003
2606,363470031
2607,363580009
2608,363680005
2609,363700006
2610,363710005
2611,363750002
2612,363750003
2613,363760019
2614,363770007
2615,363790019
2616,363790024
2617,364040009
2618,364070060
2619,364440019
2620,364570005
2621,364650032
2622,364670022
2623,364740011
2624,364810015
2625,365090004
2626,365100065
2627,365110022
2628,365160015
2629,365160025
2630,365160028
2631,365160035
2632,365240011
2633,365240029
2634,365270060
2635,365290031
2636,365540018
2637,365540025
2638,365810003
2639,365860014
2640,365900002
2641,366010041
2642,366010049
2643,366010052
2644,366170020
2645,366180013
2646,366190024
2647,366230001
2648,366240023
2651,366270046
2652,366280011
2653,366280012
2654,366330017
2655,366330018
2656,366580003
2657,366580005
2658,366580011
2659,366580013
2660,366580016
2661,366600132
2662,366670069
2663,366850039
2664,366860105
2665,367000007
2666,367000008
2667,367000009
2668,367000010
2669,367000021
2670,367000022
2671,367040136
2672,367080039
2673,367130010
2674,367130046
2675,367530028
2676,367740018
2677,368060006
2678,368090029
2679,368100012
2680,368100050
2681,368310003
2682,368340005
2683,368340008
2684,368340011
2685,368340018
2686,368340019
2687,368340020
2688,368340021
2689,368340022
2690,368340023
2691,368400076
2692,368460004
2693,368490001
2694,368520006
2695,368550005
2696,368640007
2697,368640015
2698,368650212
2701,368680037
2702,368680039
2703,368810010
2704,368960008
2705,368960012
2706,368960014
2707,368980016
2708,368980027
2709,369140013
2710,369210035
2711,369210075
2712,369260128
2713,369280019
2714,369450020
2715,369460003
2716,369470005
2717,369470041
2718,369470050
2719,369470053
2720,369600025
2721,369650027
2722,369720109
2723,369720117
2724,369850018
2725,369920029
2726,369920052
2727,369970004
2728,370040010
2729,370110008
2730,370130006
2731,370210008
2732,370210023
2733,370220002
2734,370320008
2735,370320010
2736,370350007
2737,370460017
2738,370500013
2739,370540001
2740,370540010
2741,370690011
2742,370830023
2743,371150015
2744,371150033
2745,371150038
2746,371150039
2747,371160042
2748,371180031
2751,371180039
2752,371310009
2753,371340008
2754,371410042
2755,371430043
2756,371550134
2757,371780001
2758,371900011
2759,372120150
2760,372200302
2761,372200313
2762,372250002
2763,372250006
2764,372360219
2765,372420127
2766,372440010
2767,372590001
2768,372670043
2769,372670055
2770,372820001
2771,372910001
2772,372980406
2773,373090501
2774,373180012
2775,373180022
2776,380020011
2777,380040017
2778,380040026
2779,380040033
2780,380050005
2781,380070015
2782,380100003
2783,380140005
2784,380210011
2785,380210031
2786,380210040
2787,380210045
2788,380250003
2789,380300009
2790,380520008
2791,380530006
2792,380560044
2793,380570001
2794,380580016
2795,380580024
2796,380610036
2797,380640003
2798,380660001
2801,380660004
2802,380880007
2803,381200007
2804,381220002
2805,381540008
2806,381570031
2807,381660010
2808,381760001
2809,381760002
2810,381900005
2811,382000008
2812,382190003
2813,382210011
2814,382290028
2815,382420034
2816,382500029
2817,382540037
2818,382540072
2819,382570080
2820,382580019
2821,382600172
2822,382600212
2823,382690114
2824,382690115
2825,382690134
2826,382690167
2827,382690180
2828,382700063
2829,382710001
2830,382870002
2831,382870006
2832,382970252
2833,382980017
2834,382980018
2835,383030005
2836,383100069
2837,383110012
2838,383110013
2839,383110015
2840,383110016
2841,383110017
2842,383110018
2843,383110019
2844,383110020
2845,383110021
2846,383110022
2847,383110023
2848,383110024
2851,383110025
2852,383110026
2853,383110029
2854,383110030
2855,383110031
2856,383110032
2857,383110033
2858,383110034
2859,383110035
2860,383110037
2861,383110038
2862,383110039
2863,383110040
2864,383110041
2865,383110042
2866,383110043
2867,383110044
2868,383110045
2869,383110046
2870,383110047
2871,383110048
2872,383110049
2873,383110050
2874,383110051
2875,383110052
2876,383110057
2877,383110058
2878,383110060
2879,383110071
2880,383110072
2881,383110073
2882,383110074
2883,383110075
2884,383110076
2885,383110077
2886,383110078
2887,383110079
2888,383110080
2889,383110081
2890,383110082
2891,383110083
2892,383110084
2893,383110085
2894,383110086
2895,383110087
2896,383110088
2897,383110089
2898,383110090
2901,383110091
2902,383110092
2903,383110093
2904,383110094
2905,383120026
2906,383120031
2907,383190010
2908,383190017
2909,383190019
2910,383190025
2911,383340021
2912,383340025
2913,383340166
2914,383340333
2915,383430010
2916,383490108
2917,383520002
2918,383520003
2919,383520004
2920,383520005
2921,383520007
2922,383520009
2923,383520010
2924,383520041
2925,383520055
2926,383520056
2927,383520059
2928,383520060
2929,383520061
2930,383520062
2931,383570522
2932,383570524
2933,383620007
2934,383660270
2935,383660294
2936,383700137
2937,383720018
2938,383850003
2939,383920065
2940,383960001
2941,384010019
2942,384090002
2943,384090003
2944,384120065
2945,384120119
2946,384170003
2947,384170004
2948,384430002
2951,384520004
2952,384731012
2953,384770002
2954,384810032
2955,384940011
2956,385010074
2957,385010091
2958,385020035
2959,385020041
2960,385100004
2961,385130001
2962,385140011
2963,385160102
2964,385160111
2965,385160112
2966,385170201
2967,385170203
2968,385170215
2969,385180006
2970,385180008
2971,385180012
2972,385180013
2973,385180014
2974,385220303
2975,385280046
2976,385280047
2977,385280049
2978,385290001
2979,385290002
2980,385290003
2981,385290004
2982,385290005
2983,385290006
2984,385290007
2985,385290008
2986,385290009
2987,385290010
2988,385290011
2989,385290012
2990,385290013
2991,385290014
2992,385290015
2993,385290016
2994,385290017
2995,385290018
2996,385290019
2997,385290020
2998,385300025
3001,385300026
3002,385300027
3003,385300028
3004,385300031
3005,385300052
3006,385300053
3007,385300054
3008,385300055
3009,385300056
3010,385300057
3011,385300058
3012,385300059
3013,385300060
3014,385310001
3015,385310002
3016,385310003
3017,385310004
3018,385310005
3019,385310006
3020,385310007
3021,385310008
3022,385310009
3023,385310010
3024,385310012
3025,385310014
3026,385340003
3027,385340005
3028,385340009
3029,385360001
3030,385520055
3031,385520060
3032,385520068
3033,385520069
3034,385520070
3035,385520072
3036,385520073
3037,385520095
3038,385520097
3039,390030010
3040,390200029
3041,390240005
3042,390250026
3043,390260011
3044,390540002
3045,390800011
3046,390940024
3047,391070022
3048,391200111
3051,391410303
3052,391470018
3053,391530007
3054,391690001
3055,391720006
3056,391740013
3057,391740063
3058,391740086
3059,391740087
3060,391790003
3061,391870004
3062,391880001
3063,391950003
3064,391950019
3065,391960035
3066,392000006
3067,392010029
3068,392010051
3069,392120001
3070,392120002
3071,392210038
3072,392270001
3073,392430002
3074,392430003
3075,392430004
3076,392430005
3077,392450001
3078,392450002
3079,392560002
3080,392620204
3081,392630004
3082,392730402
3083,392740305
3084,400010003
3085,400010004
3086,400030007
3087,400060002
3088,400060003
3089,400060035
3090,400070050
3091,400080008
3092,400120017
3093,400120021
3094,400120047
3095,400130077
3096,400140015
3097,400170003
3098,400230004
3101,400290003
3102,400340010
3103,400380021
3104,400460028
3105,400550012
3106,400560023
3107,400570002
3108,400630025
3109,400640006
3110,400700014
3111,400800003
3112,400830003
3113,400920001
3114,400930013
3115,400950023
3116,401030005
3117,401120005
3118,401120012
3119,401260006
3120,401300042
3121,401510001
3122,401590009
3123,401590021
3124,401640021
3125,401640039
3126,401650001
3127,401720059
3128,401730015
3129,401900015
3130,402020024
3131,402070035
3132,402220009
3133,402230003
3134,402230004
3135,402370013
3136,402380002
3137,402470017
3138,402490002
3139,402490005
3140,402490009
3141,402650018
3142,402650022
3143,402840036
3144,402840057
3145,403340005
3146,403390004
3147,403410001
3148,403420035
3151,403430008
3152,403470001
3153,403570022
3154,403570058
3155,403580120
3156,403680029
3157,403730044
3158,403730047
3159,403760027
3160,403760028
3161,403930001
3162,403940007
3163,403940008
3164,403940014
3165,403940031
3166,403940064
3167,404020006
3168,404020011
3169,404320123
3170,404320124
3171,404320125
3172,404320126
3173,404320127
3174,404320128
3175,404350040
3176,404390037
3177,404440002
3178,404440003
3179,404480211
3180,404550045
3181,404550046
3182,404550061
3183,404673011
3184,404720012
3185,404890012
3186,404890013
3187,404890014
3188,404890015
3189,404920005
3190,404990047
3191,405040001
3192,405040005
3193,405040006
3194,405040007
3195,405040008
3196,405040009
3197,405070049
3198,405070050
3201,405070051
3202,405070054
3203,405070055
3204,405070063
3205,405070064
3206,405070066
3207,405070067
3208,410050030
3209,410140004
3210,410230013
3211,410290007
3212,410300039
3213,410310053
3214,410400009
3215,410430010
3216,410440001
3217,410500020
3218,410500025
3219,410500029
3220,410660002
3221,410670002
3222,410780015
3223,410810005
3224,410820001
3225,410830003
3226,410830006
3227,410850018
3228,410860008
3229,410860034
3230,410860044
3231,410940012
3232,411010002
3233,411010011
3234,411010020
3235,411140006
3236,411150013
3237,411200003
3238,411210008
3239,411210009
3240,411270006
3241,411320060
3242,411320062
3243,411350002
3244,411350032
3245,411370003
3246,411370005
3247,411600001
3248,411630002
3251,411650042
3252,411740043
3253,411810003
3254,411810017
3255,411900087
3256,412070233
3257,412090010
3258,412100002
3259,412230012
3260,412280060
3261,412320003
3262,412480001
3263,412550246
3264,412660065
3265,412850003
3266,412890004
3267,412920017
3268,412940030
3269,412990001
3270,413030406
3271,413170004
3272,413290027
3273,413380023
3274,413410006
3275,413430010
3276,413430016
3277,413640007
3278,413650005
3279,413650006
3280,413690021
3281,413730006
3282,413830001
3283,413830002
3284,413890030
3285,413890035
3286,413940007
3287,414040003
3288,414040006
3289,414100211
3290,414300038
3291,414300041
3292,414340003
3293,414440006
3294,414440007
3295,414520329
3296,414540016
3297,414620264
3298,414640022
3301,414640037
3302,414680059
3303,414740003
3304,414740004
3305,414860404
3306,414860415
3307,414900020
3308,414900053
3309,414930019
3310,414990005
3311,415110003
3312,415160013
3313,415210093
3314,415220013
3315,415240015
3316,415270031
3317,415410022
3318,415410047
3319,415600004
3320,415610001
3321,415720001
3322,415720004
3323,415740002
3324,415830014
3325,415840223
3326,415950003
3327,415950008
3328,415990015
3329,416010021
3330,416060001
3331,416120020
3332,416130038
3333,416130073
3334,416130092
3335,416220134
3336,416250003
3337,416250005
3338,416250010
3339,416250012
3340,416250013
3341,416250019
3342,416320008
3343,416330213
3344,416330216
3345,416330217
3346,416340004
3347,416410013
3348,416430102
3351,416430111
3352,416430120
3353,416450002
3354,416470308
3355,416480211
3356,416680103
3357,416690204
3358,416690206
3359,416720307
3360,416830018
3361,416900001
3362,416900013
3363,416910003
3364,416950001
3365,417260406
3366,417260479
3367,417360001
3368,417500039
3369,417500043
3370,417570108
3371,417570232
3372,417570233
3373,417570234
3374,417570235
3375,417570236
3376,417570237
3377,417580005
3378,417590007
3379,417620001
3380,417620002
3381,417620003
3382,417620004
3383,417620005
3384,417620006
3385,417760034
3386,417820006
3387,417820010
3388,417820011
3389,417820013
3390,417830003
3391,417830004
3392,417830005
3393,417830006
3394,417830010
3395,417830012
3396,417830013
3397,417830014
3398,417830015
3401,417830016
3402,417830017
3403,417830021
3404,417830022
3405,417830023
3406,417830024
3407,417830025
3408,417830026
3409,417830027
3410,417830028
3411,417870225
3412,417870250
3413,417930014
3414,418000301
3415,418000302
3416,418000303
3417,418000307
3418,418000308
3419,418000314
3420,418000317
3421,418020007
3422,418070026
3423,418090021
3424,418180021
3425,418200003
3426,418200004
3427,418200005
3428,418200006
3429,418210038
3430,418210041
3431,418270003
3432,418310001
3433,418310005
3434,418340103
3435,418340107
3436,418340108
3437,418340110
3438,418340116
3439,418340121
3440,418360049
3441,418360052
3442,418360053
3443,418390008
3444,418420202
3445,418440066
3446,418450004
3447,418460010
3448,418600301
3451,418600302
3452,418600303
3453,418600317
3454,418620101
3455,418620111
3456,418620112
3457,418620114
3458,418650052
3459,418650053
3460,418650077
3461,418650078
3462,418670001
3463,418710003
3464,418710004
3465,418720125
3466,418720126
3467,418720127
3468,418720128
3469,418740311
3470,418740312
3471,418740313
3472,418740314
3473,418740315
3474,418740316
3475,418740317
3476,420060012
3477,420060165
3478,420100005
3479,420100024
3480,420210017
3481,420210025
3482,420290001
3483,420360002
3484,420630001
3485,420640205
3486,420640207
3487,420640307
3488,420730206
3489,420730208
3490,420860014
3491,420860015
3492,420860020
3493,420860021
3494,420880001
3495,430090007
3496,430160007
3497,430230005
3498,430270022
3501,431090052
3502,431090066
3503,431110027
3504,431160318
3505,431270501
3506,431290006
3507,431380094
3508,431470065
3509,431510006
3510,431580001
3511,431610374
3512,431620046
3513,431630050
3514,431640003
3515,431800006
3516,432020002
3517,432350601
3518,432430009
3519,432430014
3520,432430015
3521,432430017
3522,432450001
3523,432450002
3524,432450003
3525,432480926
3526,432530002
3527,432530003
3528,432530004
3529,432530005
3530,432530006
3531,432530007
3532,432530008
3533,432530009
3534,432530010
3535,440080010
3536,440090001
3537,440100003
3538,440100029
3539,440140011
3540,440160040
3541,440160062
3542,440180039
3543,440180090
3544,440320010
3545,440420003
3546,440420004
3547,440420005
3548,440420011
3551,440420012
3552,440540005
3553,440540006
3554,440630007
3555,440780023
3556,441020013
3557,441150013
3558,441150019
3559,441150020
3560,441150021
3561,441150022
3562,441150023
3563,441150029
3564,441160001
3565,441160002
3566,441170003
3567,441280001
3568,441280002
3569,441280003
3570,441280004
3571,441280005
3572,441350001
3573,441400001
3574,441490022
3575,441500005
3576,441570211
3577,441590126
3578,441590127
3579,441650202
3580,441760007
3581,441940001
3582,441940002
3583,441960010
3584,442020002
3585,442080001
3586,442190002
3587,442230005
3588,442240002
3589,450020001
3590,450030006
3591,450030011
3592,450030013
3593,450050005
3594,450120012
3595,450120015
3596,450140001
3597,450140002
3598,450160011
3601,450240001
3602,450240002
3603,450300002
3604,450300040
3605,450300042
3606,450300050
3607,450300069
3608,450300081
3609,450300096
3610,450300099
3611,450350006
3612,450360011
3613,450380006
3614,450420049
3615,450420073
3616,450490012
3617,450490027
3618,450590007
3619,450650003
3620,450770009
3621,450790001
3622,450790016
3623,450810002
3624,450880006
3625,450890028
3626,450910004
3627,450960011
3628,450980011
3629,450980012
3630,451150005
3631,451260003
3632,451280015
3633,451430004
3634,451520001
3635,451520003
3636,451590016
3637,451650019
3638,452050001
3639,452100001
3640,452130009
3641,452130038
3642,452280201
3643,452280202
3644,452280203
3645,452280204
3646,452280209
3647,452280210
3648,452280211
3651,452300010
3652,452330005
3653,452340001
3654,452340002
3655,452440001
3656,452460005
3657,452620042
3658,452630001
3659,452690015
3660,452770011
3661,452770029
3662,452780010
3663,452820065
3664,452830224
3665,452860054
3666,453010002
3667,453010010
3668,453320208
3669,453470013
3670,453600204
3671,453690002
3672,453830033
3673,453890068
3674,453890097
3675,454020006
3676,454020007
3677,454030014
3678,454030015
3679,454040001
3680,454240001
3681,454270012
3682,454300016
3683,454360131
3684,454540269
3685,454550005
3686,454550415
3687,454560134
3688,454630003
3689,454630007
3690,454650002
3691,454680201
3692,454680202
3693,454680203
3694,454830013
3695,454990006
3696,455340001
3697,455360014
3698,455490001
3701,455490002
3702,455490003
3703,455490004
3704,455490005
3705,455490006
3706,455490007
3707,455490008
3708,455490009
3709,455490010
3710,455490011
3711,455490012
3712,455490013
3713,455490014
3714,455490015
3715,455490016
3716,455490017
3717,455490018
3718,455490019
3719,455490020
3720,455490021
3721,455490022
3722,455490023
3723,455490024
3724,455490025
3725,455490026
3726,455490027
3727,455490028
3728,455490029
3729,455490030
3730,455490031
3731,455490032
3732,455490033
3733,455490034
3734,455490035
3735,455490036
3736,455490037
3737,455490038
3738,455490039
3739,455490040
3740,455490041
3741,455490042
3742,455490043
3743,455490044
3744,455510001
3745,455510002
3746,455510004
3747,455510008
3748,455510009
3751,455520129
3752,455590014
3753,455600002
3754,455650009
3755,455660007
3756,455680010
3757,455680011
3758,455680018
3759,455740060
3760,455790006
3761,455880067
3762,455880074
3763,455880076
3764,455930009
3765,455940006
3766,455940013
3767,455950100
3768,455950116
3769,455960011
3770,455960012
3771,455960023
3772,455960024
3773,455960035
3774,455960036
3775,455970002
3776,455980027
3777,455980028
3778,455980029
3779,455980032
3780,455980038
3781,455980039
3782,455980040
3783,455980041
3784,455980042
3785,455980043
3786,455980044
3787,455980045
3788,455980046
3789,455980047
3790,455980048
3791,455980049
3792,455980052
3793,455980053
3794,455980054
3795,455980056
3796,456000039
3797,456020023
3798,456020024
3801,456020039
3802,456020043
3803,456020044
3804,456030005
3805,456040080
3806,456080028
3807,456170011
3808,456170012
3809,456170023
3810,456170024
3811,456170035
3812,456170036
3813,456270115
3814,456270123
3815,456270126
3816,456330413
3817,456340021
3818,456340022
3819,456340023
3820,456340025
3821,456340036
3822,456400001
3823,456400002
3824,456400003
3825,460070016
3826,460090001
3827,460090002
3828,460090003
3829,460090004
3830,460090005
3831,460090006
3832,460090007
3833,460090008
3834,460090009
3835,460090010
3836,460090011
3837,460090012
3838,460090013
3839,460090014
3840,460090015
3841,460260003
3842,460290001
3843,460310012
3844,460360009
3845,460360015
3846,460360018
3847,460360043
3848,460360044
3851,460400002
3852,460560002
3853,460570004
3854,460630018
3855,460650009
3856,460650011
3857,460730012
3858,460750005
3859,460860034
3860,460880005
3861,460900007
3862,460940002
3863,460990021
3864,461040008
3865,461080018
3866,461100001
3867,461120021
3868,461130002
3869,461130013
3870,461130016
3871,461170009
3872,461300015
3873,461350011
3874,461370017
3875,461370030
3876,461410003
3877,461430008
3878,461430012
3879,461440004
3880,461450010
3881,461470008
3882,461520024
3883,461520032
3884,461550001
3885,461680007
3886,462010001
3887,462030005
3888,462080002
3889,462120002
3890,462120004
3891,462190004
3892,462190021
3893,462190024
3894,462210003
3895,462250008
3896,462280012
3897,462440007
3898,462450005
3901,462590002
3902,462740026
3903,462740027
3904,462790137
3905,462850007
3906,462880002
3907,463020008
3908,463130003
3909,463220006
3910,463220007
3911,463360020
3912,463450006
3913,463500008
3914,463570001
3915,463590001
3916,463670003
3917,463730012
3918,464080002
3919,464080009
3920,464320008
3921,464460003
3922,464670008
3923,464670009
3924,464680002
3925,464680003
3926,464770007
3927,464890142
3928,464900228
3929,464940003
3930,464940011
3931,464940023
3932,464940029
3933,464990034
3934,465090001
3935,465140013
3936,465140019
3937,465160069
3938,465210007
3939,465360403
3940,465400003
3941,465460002
3942,465490017
3943,465490019
3944,465490039
3945,465510083
3946,465510087
3947,465660007
3948,465690008
3951,465700037
3952,465900001
3953,465930001
3954,465930008
3955,466340056
3956,466340076
3957,466380014
3958,466450160
3959,466450172
3960,466460014
3961,466590001
3962,466680001
3963,466680002
3964,466710007
3965,466780012
3966,466810062
3967,466820205
3968,466890013
3969,466900001
3970,466900002
3971,466900004
3972,466900005
3973,466900007
3974,466900010
3975,466900011
3976,466900012
3977,466900013
3978,466900014
3979,466900015
3980,466900016
3981,466900017
3982,466900018
3983,467080009
3984,467080010
3985,467080014
3986,467080016
3987,467190020
3988,467360241
3989,467360245
3990,467660114
3991,467710006
3992,467910001
3993,468040001
3994,468070001
3995,468110002
3996,468160106
3997,468240001
3998,468620001
4001,468620002
4002,468660204
4003,468720007
4004,468730001
4005,468770132
4006,468780112
4007,468780118
4008,468830006
4009,468830007
4010,468840003
4011,468870017
4012,468870064
4013,468940712
4014,468960326
4015,469080302
4016,469240501
4017,469310001
4018,469420006
4019,469440110
4020,469460004
4021,469520001
4022,469520002
4023,469520003
4024,469520006
4025,469520010
4026,469530018
4027,469530023
4028,469540001
4029,469570018
4030,469580101
4031,469580102
4032,469580105
4033,469580108
4034,469580111
4035,469580112
4036,469580113
4037,469610029
4038,469620012
4039,469690002
4040,469710003
4041,469710004
4042,469770015
4043,469770016
4044,469800041
4045,469800046
4046,469830025
4047,469840027
4048,469850002
4051,469890002
4052,469890003
4053,469890004
4054,469900002
4055,469940102
4056,469940106
4057,469940108
4058,469970008
4059,469970011
4060,469970012
4061,469970016
4062,469970018
4063,469970020
4064,469970021
4065,469980041
4066,469980044
4067,469980047
4068,469980050
4069,469980051
4070,469980052
4071,469980053
4072,469980054
4073,470020005
4074,470070003
4075,470070012
4076,470100044
4077,470130012
4078,470160006
4079,470180059
4080,470200016
4081,470240010
4082,470240011
4083,470240029
4084,470260011
4085,470270005
4086,470300018
4087,470330018
4088,470350014
4089,470350021
4090,470520005
4091,470520006
4092,470590003
4093,470590042
4094,470590043
4095,470600001
4096,470710005
4097,470710006
4098,470710007
4101,470920002
4102,471020001
4103,471130051
4104,471190002
4105,471360001
4106,471440015
4107,471540081
4108,471560028
4109,471790008
4110,471920010
4111,471970003
4112,471970035
4113,472130006
4114,472220142
4115,472240002
4116,472260085
4117,472260110
4118,472290248
4119,472380041
4120,472410065
4121,472670104
4122,472800002
4123,472880005
4124,472880006
4125,472880007
4126,473240001
4127,473280009
4128,473280010
4129,473310002
4130,473310004
4131,473330101
4132,473330202
4133,473350001
4134,473360015
4135,473360016
4136,480010008
4137,480010028
4138,480010045
4139,480040099
4140,480130004
4141,480140018
4142,480200006
4143,480210006
4144,480220005
4145,480250015
4146,480330002
4147,480350025
4148,480350028
4151,480350029
4152,480380030
4153,480410001
4154,480450018
4155,480450067
4156,480460007
4157,480480046
4158,480480051
4159,480500008
4160,480520025
4161,480550005
4162,480590012
4163,480600004
4164,480600016
4165,480600017
4166,480740016
4167,480740019
4168,480760006
4169,480780005
4170,480780011
4171,480890003
4172,480960004
4173,481050008
4174,481150005
4175,481400033
4176,481470004
4177,481640110
4178,481780011
4179,481890004
4180,481890006
4181,481910005
4182,481930027
4183,482000001
4184,482010001
4185,482030001
4186,482180003
4187,482270055
4188,482330021
4189,482340047
4190,482380063
4191,482400014
4192,482460009
4193,482470027
4194,482470028
4195,482520027
4196,482580007
4197,482700002
4198,482750258
4201,482770001
4202,482840003
4203,483030506
4204,483030518
4205,483050011
4206,483090027
4207,483180020
4208,483420016
4209,483480037
4210,483520029
4211,483640003
4212,483650300
4213,483660316
4214,483710008
4215,483730104
4216,483740003
4217,483820004
4218,483820005
4219,483860014
4220,483890002
4221,483890003
4222,484000001
4223,484460043
4224,484470001
4225,484540043
4226,484590002
4227,484610126
4228,484640213
4229,484640219
4230,484680044
4231,484690106
4232,484690107
4233,484690111
4234,484690118
4235,484690123
4236,484820303
4237,484820304
4238,484820305
4239,484830047
4240,484830048
4241,484830055
4242,484840025
4243,484840026
4244,484840027
4245,484840030
4246,484840031
4247,484840043
4248,490020008
4251,490130019
4252,490250017
4253,490260048
4254,490260093
4255,490280007
4256,490300012
4257,490390007
4258,490450003
4259,490510006
4260,490510017
4261,490520006
4262,490520014
4263,490520022
4264,490520032
4265,490520050
4266,490540003
4267,490570018
4268,490570040
4269,490580003
4270,490630013
4271,490660013
4272,490740001
4273,490740010
4274,490880007
4275,490880011
4276,490960004
4277,490970032
4278,491050008
4279,491050015
4280,491050017
4281,491170014
4282,491230007
4283,491230013
4284,491410013
4285,491410015
4286,491410022
4287,491410028
4288,491410030
4289,491410036
4290,491450007
4291,491480003
4292,491480004
4293,491480005
4294,491550007
4295,491590004
4296,491630001
4297,491670002
4298,491710010
4301,491870008
4302,491900001
4303,491960013
4304,491980006
4305,492250071
4306,492250078
4307,492290002
4308,492360085
4309,492430006
4310,492430011
4311,492440001
4312,492440002
4313,492650006
4314,492820002
4315,493010032
4316,493040008
4317,493040020
4318,493170003
4319,493240061
4320,493300004
4321,493350023
4322,493400012
4323,493490003
4324,493520005
4325,493520007
4326,493520008
4327,493520009
4328,493520012
4329,493520013
4330,493550036
4331,493630027
4332,493630028
4333,493680102
4334,493740020
4335,493880034
4336,493890042
4337,493890043
4338,493990058
4339,494030001
4340,494030002
4341,494030003
4342,494030004
4343,494030005
4344,494030006
4345,494030007
4346,494030008
4347,494030009
4348,494030010
4351,494030052
4352,494050122
4353,494160055
4354,494290002
4355,494440034
4356,494440069
4357,494460025
4358,494680008
4359,494860320
4360,495000015
4361,495040006
4362,495310006
4363,495310017
4364,495310033
4365,495410003
4366,495410010
4367,495410026
4368,495450401
4369,495560004
4370,495570002
4371,495820101
4372,495820102
4373,495840006
4374,496020005
4375,496030114
4376,496410002
4377,496420028
4378,496560103
4379,496560104
4380,496630091
4381,496660007
4382,496660009
4383,496660011
4384,496660012
4385,496660013
4386,496660014
4387,496660015
4388,496660016
4389,496820120
4390,496820133
4391,496920006
4392,497060002
4393,497080004
4394,497120213
4395,497120214
4396,497140002
4397,497140003
4398,497340217
4401,497600202
4402,497600269
4403,497600271
4404,497710002
4405,497750306
4406,497770007
4407,497950001
4408,497960002
4409,497960003
4410,497960004
4411,497960006
4412,497960008
4413,497960009
4414,497960010
4415,497960011
4416,497960012
4417,497960013
4418,497960014
4419,497960015
4420,497960016
4421,497960017
4422,497960018
4423,497960019
4424,497960020
4425,497960021
4426,497960022
4427,497960023
4428,497960024
4429,497960025
4430,497960026
4431,497960027
4432,497960030
4433,497960031
4434,497960032
4435,497960033
4436,497960034
4437,497960035
4438,497960036
4439,497960037
4440,497960038
4441,497960039
4442,497960040
4443,497960041
4444,497960042
4445,497960043
4446,497960044
4447,497960046
4448,498010017
4451,498010018
4452,498010019
4453,498010020
4454,498010021
4455,498010030
4456,498020630
4457,498050001
4458,498140004
4459,498150156
4460,498220810
4461,498270004
4462,498270005
4463,498270008
4464,498270011
4465,498270012
4466,498270016
4467,498270017
4468,498270018
4469,498270019
4470,498270021
4471,498270022
4472,498270024
4473,498270026
4474,498270027
4475,498270028
4476,498270029
4477,498270030
4478,498270032
4479,498270033
4480,498270035
4481,498270036
4482,498270037
4483,498270038
4484,498460039
4485,498480001
4486,498480002
4487,498480005
4488,498480006
4489,498480007
4490,498480008
4491,498480043
4492,498480044
4493,498490045
4494,498490046
4495,498490049
4496,498500152
4497,498530034
4498,498570010
4501,498570015
4502,498570016
4503,498570018
4504,498670201
4505,498670202
4506,498710041
4507,500030012
4508,500110004
4509,500220002
4510,500250004
4511,500470013
4512,500500012
4513,500600021
4514,500630004
4515,500730002
4516,500840009
4517,500840011
4518,500840012
4519,500840013
4520,500840016
4521,500840017
4522,500840024
4523,500850002
4524,500850003
4525,500850004
4526,500850005
4527,500850006
4528,500850007
4529,500850009
4530,500850036
4531,500850037
4532,500850038
4533,500850039
4534,500850045
4535,500850046
4536,500850047
4537,500850048
4538,500850049
4539,500850050
4540,500850051
4541,500850052
4542,500850053
4543,500850054
4544,500850055
4545,510010018
4546,510090002
4547,510100038
4548,510200006
4551,510210040
4552,510210057
4553,510250008
4554,510310003
4555,510340014
4556,510420005
4557,510440008
4558,510440016
4559,510450002
4560,510460005
4561,510560008
4562,510580002
4563,510590013
4564,510590015
4565,510600008
4566,510680002
4567,510700012
4568,510700018
4569,510770023
4570,510770027
4571,510780058
4572,510870006
4573,510890002
4574,511100002
4575,511100010
4576,511210009
4577,511320001
4578,511430004
4579,511640002
4580,511640010
4581,511650001
4582,511800001
4583,511850002
4584,512050053
4585,512080002
4586,512110002
4587,512120017
4588,512370005
4589,512370012
4590,512520005
4591,512550033
4592,512590076
4593,512590134
4594,512610057
4595,512660034
4596,512810051
4597,512910005
4598,513100007
4601,513220010
4602,513410007
4603,513410013
4604,513510007
4605,513610050
4606,513770008
4607,513770009
4608,513860001
4609,513880002
4610,513890027
4611,513900010
4612,513980005
4613,514000029
4614,514050042
4615,514060002
4616,514190004
4617,514200070
4618,514220015
4619,514220076
4620,514220084
4621,514220092
4622,514320004
4623,514320009
4624,514320010
4625,514390001
4626,514400002
4627,514440021
4628,514440024
4629,514460008
4630,514460009
4631,514490012
4632,514490046
4633,514540009
4634,514540011
4635,514540013
4636,514580042
4637,514580064
4638,514580070
4639,514580072
4640,514580074
4641,514580076
4642,514580077
4643,514580081
4644,514610051
4645,514770301
4646,514770321
4647,514840027
4648,514840036
4651,515070002
4652,515070003
4653,515290002
4654,515410001
4655,515410002
4656,515410003
4657,515570012
4658,515710002
4659,515710003
4660,515710004
4661,515710009
4662,515710010
4663,515710011
4664,515710014
4665,515710015
4666,515810012
4667,515860003
4668,515860005
4669,515870005
4670,515890002
4671,520100063
4672,520100082
4673,520100101
4674,520100102
4675,520100104
4676,520100122
4677,520110023
4678,520110034
4679,520120004
4680,520130002
4681,520140005
4682,520160011
4683,520180007
4684,520180012
4685,520180014
4686,520200015
4687,520210005
4688,520220017
4689,520270012
4690,520290020
4691,520290080
4692,520320012
4693,520320013
4694,520340006
4695,520350020
4696,520360007
4697,520420015
4698,520470001
4701,520490020
4702,520500002
4703,520510001
4704,520520005
4705,520560009
4706,520590008
4707,520600011
4708,520600018
4709,520600025
4710,520600030
4711,520600031
4712,520600032
4713,520600049
4714,520670019
4715,520790002
4716,520790007
4717,520850002
4718,520850003
4719,520850009
4720,520850026
4721,520850027
4722,520850034
4723,520850035
4724,520910021
4725,520920009
4726,520950007
4727,520990002
4728,521030024
4729,521050019
4730,521070016
4731,521080007
4732,521110002
4733,521170081
4734,521170087
4735,521170095
4736,521170096
4737,521170102
4738,521170119
4739,521170120
4740,521200019
4741,521260001
4742,521310031
4743,521310033
4744,521310040
4745,521310045
4746,521310089
4747,521340008
4748,521350004
4751,521360048
4752,521370018
4753,521370034
4754,521370036
4755,521390010
4756,521390029
4757,521390030
4758,521390045
4759,521390049
4760,521440085
4761,521450002
4762,521460042
4763,521460043
4764,521630009
4765,521660008
4766,521660012
4767,521660015
4768,521660016
4769,521660017
4770,521660042
4771,521660050
4772,521660056
4773,521660066
4774,521660074
4775,521660075
4776,521660079
4777,521660091
4778,521680007
4779,521680020
4780,521680021
4781,521700004
4782,521700021
4783,521740020
4784,521750007
4785,521760012
4786,521870006
4787,521890004
4788,521960035
4789,521960044
4790,521960057
4791,521960076
4792,521960129
4793,521960132
4794,522140008
4795,522200009
4796,522260024
4797,522270014
4798,522270022
4801,522280004
4802,522280012
4803,522280019
4804,522280020
4805,522280052
4806,522280060
4807,522300052
4808,522300059
4809,522300061
4810,522550011
4811,522690004
4812,522780025
4813,522860012
4814,523130002
4815,523150005
4816,523360005
4817,523390001
4818,523580012
4819,523640021
4820,523900009
4821,523910005
4822,524000016
4823,524020006
4824,524070004
4825,524130003
4826,524170005
4827,524220036
4828,524460008
4829,524540001
4830,524560003
4831,524580001
4832,524700018
4833,524700019
4834,524740007
4835,524840087
4836,524930001
4837,524950002
4838,525170008
4839,525500004
4840,525570005
4841,525570008
4842,525590075
4843,525720048
4844,525720061
4845,525720073
4846,525780018
4847,525850011
4848,525850020
4851,525850030
4852,525910009
4853,525920052
4854,525920056
4855,525970050
4856,526050035
4857,526070005
4858,526170001
4859,526260382
4860,526410193
4861,526530003
4862,526540049
4863,526570009
4864,526570010
4865,526570013
4866,526610001
4867,526630047
4868,526630068
4869,526650285
4870,526900002
4871,526930014
4872,526930037
4873,526980038
4874,526980060
4875,527080008
4876,527090128
4877,527120076
4878,527180021
4879,527210004
4880,527210015
4881,527320023
4882,527400050
4883,527500003
4884,527610250
4885,527630051
4886,527710009
4887,527740032
4888,527800049
4889,527810022
4890,527810023
4891,527810024
4892,527810025
4893,527810026
4894,527810027
4895,527810028
4896,527810029
4897,527870214
4898,527880005
4901,528120036
4902,528240144
4903,528270034
4904,528350024
4905,528360019
4906,528360041
4907,528360050
4908,528360067
4909,528420075
4910,528540026
4911,528540033
4912,528540038
4913,528570048
4914,528630017
4915,528690005
4916,528880011
4917,529080260
4918,529120128
4919,529190011
4920,529190024
4921,529280016
4922,529380001
4923,529390036
4924,529430204
4925,529440005
4926,529510044
4927,529540057
4928,529670003
4929,529670004
4930,529920009
4931,529960001
4932,530020007
4933,530040004
4934,530050016
4935,530060008
4936,530120015
4937,530240002
4938,530240014
4939,530240018
4940,530240045
4941,530270002
4942,530270003
4943,530280009
4944,530280010
4945,530290013
4946,530390002
4947,530440014
4948,530450002
4951,530460014
4952,530510017
4953,530580020
4954,530600011
4955,530600025
4956,530660010
4957,530660013
4958,531030015
4959,531100001
4960,531100008
4961,531300025
4962,531330001
4963,531370006
4964,531470001
4965,531490003
4966,531520002
4967,531540007
4968,531630017
4969,531890016
4970,531920007
4971,532100001
4972,532100011
4973,532100015
4974,532100016
4975,532220003
4976,532250027
4977,532280001
4978,532280002
4979,532280003
4980,532280004
4981,532740036
4982,532740061
4983,532780154
4984,532810001
4985,532940188
4986,533090090
4987,533090095
4988,533090157
4989,533140067
4990,533150034
4991,533230012
4992,533310076
4993,533310079
4994,533560002
4995,533580303
4996,533610212
4997,533670133
4998,533740002
5001,533740017
5002,533740019
5003,533740052
5004,534010003
5005,534090004
5006,534090006
5007,534210002
5008,534220090
5009,534260007
5010,534870087
5011,534870091
5012,534940055
5013,534980001
5014,534980019
5015,534980021
5016,534980024
5017,534980026
5018,535000147
5019,535100001
5020,535100002
5021,535100004
5022,535140098
5023,535140099
5024,535160202
5025,535160204
5026,535160207
5027,535160212
5028,535160218
5029,535160219
5030,535160221
5031,535160222
5032,535210018
5033,535210019
5034,535210037
5035,535210048
5036,535210049
5037,535210050
5038,535210051
5039,535210054
5040,535240001
5041,535250018
5042,535250019
5043,535340008
5044,535340009
5045,535380010
5046,535380011
5047,535380013
5048,535380024
5051,535380025
5052,535380026
5053,535380027
5054,535380028
5055,535470012
5056,535470021
5057,535480052
5058,535480054
5059,535560001
5060,535590001
5061,535590002
5062,535600024
5063,535600037
5064,535600054
5065,540010025
5066,540060007
5067,540110012
5068,540150011
5069,540170001
5070,540170006
5071,540170007
5072,540230007
5073,540260007
5074,540260008
5075,540340003
5076,540370008
5077,540370033
5078,540370045
5079,540370062
5080,540370136
5081,540420017
5082,540430008
5083,540640005
5084,540720003
5085,540720004
5086,540920001
5087,541020061
5088,541020066
5089,541040075
5090,541260029
5091,541340084
5092,541410002
5093,541490113
5094,541530001
5095,541610028
5096,541610029
5097,541630005
5098,541630006
5101,541630007
5102,541650001
5103,541660109
5104,541660121
5105,541660135
5106,541660158
5107,541980431
5108,542020019
5109,542020052
5110,542020054
5111,542020073
5112,542030013
5113,542030037
5114,542060130
5115,542060132
5116,542060136
5117,542060140
5118,542090072
5119,542090074
5120,542110016
5121,542150008
5122,542150010
5123,542170044
5124,542190008
5125,542190009
5126,542190010
5127,542210150
5128,542230037
5129,542250412
5130,542350005
5131,542350007
5132,542350013
5133,542350015
5134,542400008
5135,542480202
5136,542580303
5137,542640002
5138,542730002
5139,542750002
5140,542980007
5141,543000703
5142,543060056
5143,543100458
5144,543150063
5145,543160004
5146,543160023
5147,543190026
5148,543250303
5151,543270002
5152,543270005
5153,543270006
5154,543290001
5155,543290003
5156,543310103
5157,543310106
5158,543310110
5159,543310112
5160,543320123
5161,543320135
5162,543340007
5163,543340020
5164,543350004
5165,543380004
5166,543380005
5167,543400015
5168,543460001
5169,543470201
5170,543470202
5171,543470203
5172,543470204
5173,543470205
5174,543470206
5175,543470207
5176,543470208
5177,543470210
5178,543470212
5179,543470220
5180,543470221
5181,543470222
5182,543470223
5183,543470224
5184,543470225
5185,543470229
5186,543480001
5187,543490103
5188,550020024
5189,550050007
5190,550060013
5191,550060069
5192,550060097
5193,550070001
5194,550070002
5195,550110027
5196,550120002
5197,550130036
5198,550150015
5201,550170019
5202,550240005
5203,550270079
5204,550270083
5205,550290006
5206,550300011
5207,550320017
5208,550320019
5209,550370029
5210,550380014
5211,550440007
5212,550460008
5213,550460014
5214,550510010
5215,550520065
5216,550520087
5217,550520121
5218,550530008
5219,550530013
5220,550530021
5221,550530026
5222,550530053
5223,550550017
5224,550570008
5225,550680003
5226,550780001
5227,550900002
5228,550910025
5229,550960004
5230,550990020
5231,551010010
5232,551040025
5233,551060009
5234,551070032
5235,551070035
5236,551090006
5237,551090017
5238,551090064
5239,551100005
5240,551150007
5241,551180017
5242,551180025
5243,551180044
5244,551180072
5245,551210010
5246,551320003
5247,551350009
5248,551470001
5251,551520004
5252,551530006
5253,551540002
5254,551580020
5255,552170003
5256,552220002
5257,552520014
5258,552770063
5259,552830079
5260,552870002
5261,552910010
5262,553200001
5263,553280003
5264,553470002
5265,553490018
5266,553510018
5267,553510064
5268,553530006
5269,553560207
5270,553580006
5271,553680004
5272,553730044
5273,553780024
5274,553870007
5275,553910003
5276,553930222
5277,553930225
5278,553980008
5279,554070025
5280,554110058
5281,554140019
5282,554180002
5283,554220027
5284,554230089
5285,554250005
5286,554250012
5287,554270001
5288,554310019
5289,554430001
5290,554500134
5291,554510146
5292,554730001
5293,554740001
5294,554970071
5295,555030046
5296,555050013
5297,555060001
5298,555120023
5301,555120053
5302,555130003
5303,555180026
5304,555250020
5305,555250021
5306,555250024
5307,555300008
5308,555360028
5309,555410005
5310,555410011
5311,555430010
5312,555570020
5313,555900009
5314,555940007
5315,556000024
5316,556000030
5317,556040003
5318,556230002
5319,556250086
5320,556260001
5321,556260003
5322,556320001
5323,556440001
5324,556440025
5325,556540002
5326,556560320
5327,556560327
5328,556730010
5329,556730046
5330,556740006
5331,556790222
5332,556830004
5333,556860042
5334,556890005
5335,556890020
5336,556900038
5337,557150001
5338,557290079
5339,557370002
5340,557380010
5341,557550306
5342,557610010
5343,557710018
5344,557730004
5345,557740003
5346,557750005
5347,557820030
5348,557850004
5351,557900002
5352,558050045
5353,558100020
5354,558110007
5355,558130001
5356,558130002
5357,558130003
5358,558130004
5359,558130009
5360,558130011
5361,558130013
5362,558130019
5363,558130020
5364,558130024
5365,558130025
5366,558130026
5367,558130027
5368,558130028
5369,558130029
5370,558130030
5371,558130031
5372,558130033
5373,558130034
5374,558130035
5375,558130036
5376,558130037
5377,558130040
5378,558130041
5379,558220016
5380,558220020
5381,558220026
5382,558220032
5383,558220033
5384,558300001
5385,558300005
5386,558300007
5387,558300010
5388,558300011
5389,558300012
5390,558300013
5391,558300018
5392,558360004
5393,558360005
5394,560030004
5395,560190002
5396,560190003
5397,560230001
5398,560300005
5401,560350001
5402,560350002
5403,560350004
5404,560350005
5405,570010037
5406,570010040
5407,570020042
5408,570030043
5409,570060043
5410,570060058
5411,570060095
5412,570060100
5413,570160001
5414,570160005
5415,570250006
5416,570300002
5417,570300003
5418,570390001
5419,570400001
5420,570440417
5421,570480606
5422,570510117
5423,570560301
5424,570770001
5425,570870001
5426,580020051
5427,580020123
5428,580020140
5429,580020174
5430,580020180
5431,580120013
5432,580120023
5433,580120045
5434,580140012
5435,580140017
5436,580140028
5437,580150055
5438,580170049
5439,580170060
5440,580180002
5441,580180004
5442,580180013
5443,580210045
5444,580210176
5445,580210182
5446,580210204
5447,580210230
5448,580210231
5451,580210232
5452,580210234
5453,580210243
5454,580210244
5455,580220134
5456,580230020
5457,580230194
5458,580230216
5459,580230221
5460,580230228
5461,580230229
5462,580260039
5463,580280005
5464,580280006
5465,580280038
5466,580290027
5467,580290028
5468,580290062
5469,580300018
5470,580300023
5471,580300061
5472,580300069
5473,580300071
5474,580300075
5475,580300076
5476,580300105
5477,580300106
5478,580310013
5479,580310040
5480,580320126
5481,580320142
5482,580320159
5483,580320160
5484,580320173
5485,580330182
5486,580330186
5487,580330208
5488,580330227
5489,580330255
5490,580330256
5491,580330276
5492,580330279
5493,580330280
5494,580330288
5495,580330304
5496,580330328
5497,580330329
5498,580330340
5501,580330367
5502,580330370
5503,580330378
5504,580330417
5505,580340132
5506,580340289
5507,580340290
5508,580340310
5509,580340312
5510,580340313
5511,580340340
5512,580340341
5513,580340347
5514,580340353
5515,580340360
5516,580340426
5517,580340441
5518,580340449
5519,580340451
5520,580340453
5521,580340478
5522,580340479
5523,580340511
5524,580340569
5525,580340570
5526,580340572
5527,580340581
5528,580340588
5529,580340589
5530,580340590
5531,580340592
5532,580340594
5533,580340596
5534,580340597
5535,580360015
5536,580360022
5537,580360049
5538,580360050
5539,580360092
5540,580360093
5541,580400312
5542,580400317
5543,580400324
5544,580400355
5545,580400356
5546,580400425
5547,580400426
5548,580400439
5551,580400440
5552,580400452
5553,580400483
5554,580400484
5555,580400486
5556,580410159
5557,580410163
5558,580410170
5559,580480104
5560,580480105
5561,580490016
5562,580490056
5563,580490057
5564,580490082
5565,580520001
5566,580530018
5567,580590027
5568,580600011
5569,580600015
5570,580610001
5571,580610002
5572,580620001
5573,580630001
5574,580640005
5575,580640018
5576,580640021
5577,580640025
5578,580640038
5579,580650002
5580,580650003
5581,580650007
5582,580650009
5583,580650012
5584,580650015
5585,580660008
5586,590010087
5587,590010091
5588,590010095
5589,590010096
5590,590040004
5591,590040005
5592,590050002
5593,590050012
5594,590050016
5595,590050021
5596,590060015
5597,590060019
5598,590070001
5601,590070005
5602,590070027
5603,590070028
5604,590070030
5605,590070077
5606,590070079
5607,590070080
5608,590070081
5609,590070082
5610,590100007
5611,590110008
5612,590110009
5613,590110025
5614,590110026
5615,590110028
5616,590110039
5617,590110040
5618,590110046
5619,590110048
5620,590110074
5621,590110077
5622,590110078
5623,590110079
5624,590110080
5625,590110081
5626,590110082
5627,590110086
5628,590111000
5629,590120039
5630,590120080
5631,590120082
5632,590120085
5633,590120100
5634,590120106
5635,590120108
5636,590120109
5637,590120122
5638,590120136
5639,590120141
5640,590120147
5641,590120148
5642,590120149
5643,590120155
5644,590120156
5645,590120160
5646,590130045
5647,590130055
5648,590130056
5651,590130065
5652,590130066
5653,590130076
5654,590130080
5655,590140005
5656,590140007
5657,590140011
5658,590140015
5659,590140016
5660,590140017
5661,590140018
5662,590140021
5663,590140022
5664,590150001
5665,590210001
5666,590290013
5667,590290015
5668,590290016
5669,590320001
5670,590360049
5671,590370062
5672,590370088
5673,590380008
5674,590380050
5675,590380143
5676,590380181
5677,590380183
5678,590440017
5679,590440028
5680,590440029
5681,590440030
5682,590440114
5683,590440118
5684,590440120
5685,590440122
5686,590440124
5687,590440131
5688,590440142
5689,590440143
5690,590440144
5691,590440145
5692,590440146
5693,590440147
5694,590440148
5695,590450006
5696,590470003
5697,590480006
5698,590480007
5701,590480008
5702,590480015
5703,590480019
5704,590480020
5705,590480022
5706,590480032
5707,590480035
5708,590480038
5709,590480039
5710,590480042
5711,590510019
5712,590550020
5713,590560018
5714,590590012
5715,590610066
5716,590620001
5717,590620008
5718,590620009
5719,590620014
5720,590630008
5721,590670008
5722,590670010
5723,590710002
5724,590850002
5725,590850005
5726,591060015
5727,591060039
5728,591060040
5729,591060053
5730,591070008
5731,591070024
5732,591070060
5733,591130008
5734,591130019
5735,591130022
5736,591130023
5737,591130024
5738,591170002
5739,591190005
5740,591220011
5741,591240005
5742,591260004
5743,591270010
5744,591270012
5745,591270022
5746,591270023
5747,591270024
5748,591270028
5751,591270030
5752,591270034
5753,591300008
5754,591370016
5755,591370018
5756,591370022
5757,591370034
5758,591370036
5759,591370037
5760,591370042
5761,591370043
5762,591370046
5763,591370055
5764,591370056
5765,591370057
5766,591370058
5767,591400014
5768,591410003
5769,591410010
5770,591410011
5771,591410019
5772,591410020
5773,591410026
5774,600130004
5775,600130007
5776,600160007
5777,600250004
5778,600260008
5779,600270004
5780,610120008
5781,610460001
5782,610500007
5783,610640023
5784,610760024
5785,610780035
5786,610780056
5787,610780106
5788,610780111
5789,610790017
5790,610820018
5791,610840036
5792,610840056
5793,610840057
5794,610870019
5795,610870030
5796,610880090
5797,610880098
5798,610880113
5801,610880124
5802,610910022
5803,610910049
5804,610910056
5805,610910060
5806,611080008
5807,611190001
5808,611200001
5809,611200002
5810,611200003
5811,611210001
5812,611280001
5813,611290001
5814,611300008
5815,611360003
5816,611490002
5817,611540007
5818,611540008
5819,611540016
5820,611590010
5821,650150019
5822,650200003
5823,650200004
5824,650210045
5825,650250003
5826,650310003
5827,650350002
5828,650350003
5829,650350004
5830,650430028
5831,650450325
5832,650860005
5833,651040432
5834,651080005
5835,651100002
5836,651100018
5837,651100030
5838,651110006
5839,651210011
5840,651290145
5841,651340299
5842,651410301
5843,651410302
5844,651460002
5845,651460003
5846,651460012
5847,651500103
5848,651500149
5851,651500163
5852,651500164
5853,651620029
5854,651630001
5855,651660038
5856,651670011
5857,651670014
5858,651750020
5859,651750064
5860,651880416
5861,651880458
5862,651920020
5863,651940008
5864,652000111
5865,652050003
5866,652070265
5867,652070274
5868,652080217
5869,652080220
5870,652080221
5871,652080228
5872,652110022
5873,652120007
5874,652160011
5875,652160037
5876,652190030
5877,652290019
5878,652490004
5879,652490005
5880,652490010
5881,652490011
5882,652540002
5883,652540006
5884,652540008
5885,652600009
5886,652750076
5887,652750079
5888,652750080
5889,652750082
5890,652750083
5891,652840005
5892,652860102
5893,652860110
5894,652860112
5895,652860201
5896,652860202
5897,652860203
5898,652860204
5901,652860209
5902,653060216
5903,653160014
5904,653170003
5905,653380144
5906,653390037
5907,653390041
5908,653390054
5909,653390061
5910,653820002
5911,653820004
5912,653880005
5913,653910167
5914,654030173
5915,654080157
5916,654120005
5917,654200108
5918,654250001
5919,654310008
5920,654310019
5921,654310036
5922,654350001
5923,654560002
5924,654590002
5925,654720003
5926,654850001
5927,654850009
5928,654970005
5929,655010001
5930,655010005
5931,655010006
5932,655010007
5933,655010008
5934,655010009
5935,655010010
5936,655070021
5937,655070024
5938,655070025
5939,655110008
5940,655130109
5941,655130113
5942,655130114
5943,655130115
5944,655130116
5945,655130117
5946,655130121
5947,655130125
5948,655130127
5951,655130128
5952,655130129
5953,655160002
5954,655170001
5955,655230003
5956,655270305
5957,655270309
5958,655270310
5959,655270311
5960,655270317
5961,655270318
5962,655270319
5963,655270324
5964,655270325
5965,655270326
5966,655270330
5967,655270337
5968,655270338
5969,655270345
5970,655270353
5971,655270354
5972,655270356
5973,655270358
5974,655270359
5975,655270362
5976,655270363
5977,655280002
5978,655280003
5979,655280004
5980,655280005
5981,655280006
5982,655280011
5983,655280013
5984,655280016
5985,655330135
5986,660050006
5987,660130001
5988,660170018
5989,660170019
5990,660350044
5991,660370208
5992,660370232
5993,660430002
5994,660430005
5995,660630133
5996,660670189
5997,660800005
5998,660810007
6001,660840184
6002,660850004
6003,660920037
6004,660950102
6005,661080256
6006,661140216
6007,661160085
6008,661290004
6009,661340312
6010,661410029
6011,661410035
6012,661420005
6013,661420017
6014,661440010
6015,661440057
6016,661490635
6017,661520061
6018,661540022
6019,661540031
6020,661540058
6021,661690629
6022,661710119
6023,661770705
6024,661780012
6025,661820005
6026,661860095
6027,661870194
6028,661920023
6029,661920025
6030,661970054
6031,662040012
6032,662040063
6033,662090039
6034,662090065
6035,662100002
6036,662140202
6037,662160357
6038,662160358
6039,662190037
6040,662350006
6041,662370123
6042,662410003
6043,662410004
6044,662410005
6045,662500033
6046,662550002
6047,662580002
6048,662580003
6051,662730015
6052,662760010
6053,662760028
6054,662760035
6055,662790034
6056,662830082
6057,662850100
6058,663010013
6059,663170001
6060,663190281
6061,663340001
6062,663360059
6063,663570002
6064,663660022
6065,663700601
6066,663710019
6067,663820121
6068,663850005
6069,663850006
6070,663910002
6071,663910003
6072,663960056
6073,663960057
6074,663960058
6075,663960059
6076,663960060
6077,664040002
6078,664060238
6079,664400002
6080,664440101
6081,664440201
6082,664450002
6083,664450004
6084,664470001
6085,664470002
6086,664470004
6087,664500008
6088,664520008
6089,664520010
6090,664530409
6091,664580009
6092,664580011
6093,664620027
6094,664650001
6095,664800002
6096,664800008
6097,664810075
6098,664870203
6101,664970003
6102,664990024
6103,664990025
6104,665070502
6105,665100006
6106,665140058
6107,665140060
6108,665210003
6109,665310068
6110,665440010
6111,665490100
6112,665500615
6113,665520083
6114,665570038
6115,665600025
6116,665610210
6117,665640069
6118,665650003
6119,665650020
6120,665650024
6121,665650025
6122,665650033
6123,665650043
6124,665650053
6125,665650083
6126,665650084
6127,665650100
6128,665650103
6129,665660001
6130,665720302
6131,665720304
6132,665720305
6133,665720306
6134,665720307
6135,665720308
6136,665720309
6137,665720310
6138,665720311
6139,665720312
6140,665720313
6141,665720314
6142,665720315
6143,665720317
6144,665720318
6145,665720319
6146,665740023
6147,665740026
6148,665750054
6151,665840003
6152,665840033
6153,665840034
6154,665840036
6155,665840040
6156,665850001
6157,665860203
6158,665860204
6159,665860209
6160,665860211
6161,665860212
6162,665860227
6163,665860228
6164,665860230
6165,665860231
6166,665890002
6167,665960001
6168,665960002
6169,665960003
6170,665960014
6171,665960015
6172,666020001
6173,666020004
6174,666020008
6175,666030091
6176,940010018
6177,940010053
6178,940010056
6179,940010075
6180,940010090
6181,940010136
6182,940010138
6183,940010144
6184,940010154
6185,940010164
6186,980100002
6187,980100052
6188,980100099
6189,980100109
6190,980200003
6191,980250002
6192,980250089
6193,980250106
6194,980350224
6195,980350260
6196,980350268
6197,980350296
6198,980350302
6201,980350305
6202,980350308
6203,980350310
6204,980350312
6205,980500007
6206,980600003
6207,980800004
6208,980900003
6209,981080006
6210,981100007
6211,981100151
6212,981100169
6213,981100173
6214,981200003
6215,981200042
6216,981200048
6217,981200050
6218,981200059
6219,981200063
6220,981200075
6221,981250020
6222,981250043
6223,981250051
6224,981250057
6225,981250073
6226,981250081
6227,981250140
6228,981250155
6229,981250188
6230,981250194
6231,981250209
6232,981250232
6233,981250248
6234,981250261
6235,981250263
6236,981250264
6237,981250269
6238,981250271
6239,981250278
6240,981250295
6241,981250297
6242,981250299
6243,981250310
6244,981250325
6245,981250345
6246,981250357
6247,981300003
6248,981310005
6251,981500025
6252,981550006
6253,981650002
6254,981650021
6255,981700019
6256,981900014
6257,982000009
6258,982100005